text,label,text_kz,pred_translate_en,label_name
NCAA Notifies Baylor Baylor received its notice of allegations Thursday from the NCAA about infractions in its men's basketball program discovered after the death of player Patrick Dennehy.,1,NCAA Бэйлорға хабарлама жіберді Бейлор бейсенбі күні NCAA-дан Патрик Деннидің өлімінен кейін ерлер баскетбол бағдарламасында анықталған бұзушылықтар туралы айыптау хабарламасын алды.,Sports,Sports
"Kiwi firms ditch Explorer for Firefox Aoraki Mt Cook Ski Planes and New Zealand Tourism Online are turning their backs on Microsoft #39;s Internet Explorer. Both companies are among the early adopters of Firefox, a free  quot;open source quot; Web browser.",3,"Жаңа Зеландиядағы Kiwi компаниялары Explorer-ден Firefox-қа ауысты Aoraki Mt Cook Ski Planes және New Zealand Tourism Online Microsoft-тың Internet Explorer-інен бас тартып жатыр. Екі компания да тегін ""ашық кодты"" Firefox веб-шолғышын ерте қабылдаушылардың қатарында.",Sci/Tech,Sci/Tech
"On average, quarter was a loser (USATODAY.com) USATODAY.com - In the great race between stock mutual funds and the mattress, the mattress won.",2,"Орташа алғанда, тоқсан жеңіліске ұшырады (USATODAY.com) USATODAY.com - Акциялардың өзара қорлары мен матрас арасындағы үлкен жарыста матрас жеңіске жетті.",Business,Business
"Pac-10 Teams Seek to Revive Reputation (AP) AP - As it looks ahead to another basketball season, the Pac-10 can take some comfort in one thing: There's a lot of room for improvement after a miserable 2003-04. And with traditional power Arizona leading the way, the conference should indeed be much better.",1,"Pac-10 командалары беделін қалпына келтіруге ұмтылады (AP) AP - Баскетбол маусымының тағы бір кезеңіне көз тіккенде, Pac-10 бір нәрседен жұбаныш таба алады: 2003-04 жылғы қиын кезеңнен кейін жақсартуға көп мүмкіндік бар. Және дәстүрлі күшті Аризона алда келе жатқандықтан, конференция шынымен де әлдеқайда жақсы болуы керек.",Sports,Sports
"Four held in anti-terror raids Three of the men were seized in a  quot;pre-planned quot; operation by officers from the Metropolitan Police anti-terrorist branch at a hotel in Brent Cross, north London.",0,"Төрт адамға қарсы терроризмге қарсы рейдтер жүргізілді. Үш ер адам Лондонның солтүстігіндегі Брент Кросс қонақүйінде Метрополитен полициясының терроризмге қарсы бөлімшесінің қызметкерлері жүргізген ""алдын ала жоспарланған"" операция барысында ұсталды.",World,World
"Dalai Lama Envoy Visits China for Autonomy Talks  WASHINGTON (Reuters) - The Dalai Lama's special envoy has  arrived in China for talks on the exiled spiritual leader's  aspirations for Tibetan autonomy, the third such visit in three  years, officials in Washington said on Tuesday.",0,"Далай Ламаның өкілі Қытайға автономия туралы келіссөздер үшін барды

ВАШИНГТОН (Рейтер) - Далай Ламаның арнайы өкілі Тибет автономиясына қатысты қуғында жүрген рухани көшбасшының ұмтылыстары туралы келіссөздер жүргізу үшін Қытайға келді, бұл үш жыл ішіндегі үшінші осындай сапар, деп хабарлады Вашингтондағы шенеуніктер сейсенбі күні.",World,World
"Report: IBM software executive to become CA CEO Computer Associates is set to name a recently departed IBM executive as its new chief executive officer, The Wall Street Journal reported online on Monday.",3,"Есеп: IBM бағдарламалық қамтамасыз ету жөніндегі атқарушы директоры CA бас директоры болады Computer Associates жақында IBM-нен кеткен атқарушы директорды өзінің жаңа бас директоры ретінде тағайындауға дайындалып жатыр, деп дүйсенбі күні The Wall Street Journal онлайн хабарлады.",Business,Sci/Tech
FA Plan New United-Arsenal Talks The Football Association are set to wait until after the conclusion of any disciplinary action against Arsene Wenger before trying to broker a peace summit between Arsenal and Manchester United.,1,"Футбол қауымдастығы жаңа ""Юнайтед""-""Арсенал"" келіссөздерін жоспарлауда Футбол қауымдастығы Арсен Венгерге қарсы кез келген тәртіптік шаралар аяқталғаннан кейін ғана ""Арсенал"" мен ""Манчестер Юнайтед"" арасында бейбітшілік саммитін ұйымдастыруға тырысады.",Sports,Sports
Hezbollah plane flies over Israel Lebanon #39;s guerrilla organization Hezbollah announced Sunday it hd flown an unmanned reconnaissance plane over northern Israel for the first time.,0,"""Хезболла"" ұшқышсыз ұшағы Израильдің үстінен ұшты Ливанның партизандық ұйымы ""Хезболла"" жексенбі күні алғаш рет Израильдің солтүстігіне ұшқышсыз барлау ұшағын ұшырғанын хабарлады.",World,World
"Order for Saudi tankers goes to Hyundai Heavy DUBAI Hyundai Heavy Industries, the world #39;s largest shipbuilder, has won a Saudi order for two large oil tankers as OPEC pumps near capacity, lifting supertanker prices.",2,"Саудиялық танкерлерге тапсырыс Hyundai Heavy-ге берілді

ДУБАЙ Hyundai Heavy Industries, әлемдегі ең ірі кеме жасаушы компания, ОПЕК өндірісті толық қуатта жүргізіп жатқандықтан және супертанкерлердің бағасы көтеріліп жатқандықтан, Саудиядан екі үлкен мұнай танкеріне тапсырыс алды.",Business,Business
Chavez rejects CD as opposition Venezuela #39;s President Hugo Chavez has announced that he will no longer recognize the Democratic Coordination or CD as the opposition coalition.,2,Чавес CD-ны қабылдамайды Венесуэла президенті Уго Чавес оппозициялық коалиция ретінде Демократиялық Координацияны немесе CD-ны енді мойындамайтынын мәлімдеді.,World,Business
"Jaguars 27 Colts 24 INDIANAPOLIS Byron Leftwich was flawless on a 30-yard drive in the final four minutes, and rookie kicker Josh Scobee made a season-long 53-yard field goal to help the Jacksonville Jaguars pull off a 27-to-24 win over Indianapolis.",1,"Ягуарлар 27 Кольттар 24 ИНДИАНАПОЛИС Байрон Лефтвич соңғы төрт минутта 30 ярдтық шабуылда мінсіз ойнап, жаңа ойыншы тебуші Джош Скоби маусымдағы ең ұзақ 53 ярдтық алаң голын соғып, Джексонвилл Ягуарларының Индианаполиске қарсы 27-ден 24-ке дейінгі жеңісіне көмектесті.",Sports,Sports
"'Frankenfish' Caught in Great Lakes (Reuters) Reuters - The dreaded Northern Snakehead, a\voracious predator dubbed the ""Frankenfish"" that can breathe\out of water and wriggle across land, has invaded the Great\Lakes, authorities said on Friday.",3,"'Франкенбалық' Ұлы көлдерде ұсталды (Reuters) Reuters - Жұма күні билік өкілдері хабарлағандай, ""Франкенбалық"" деп аталған, судан тыс тыныс ала алатын және құрлықта қозғала алатын жыртқыш Солтүстік жыланбалық Ұлы көлдерге басып кірді.",Sci/Tech,Sci/Tech
"Red Sox Spread Good Feeling Across Nation (AP) AP - It was a pinch-me morning. Did the Boston Red Sox really win the World Series or was it all a sweet dream? Opened the shades, let in the sunlight, blinked at red, gold and orange leaves shimmering against a clear blue sky. It seemed too perfect, too real.",1,"Ред Сокс бүкіл елге жақсы көңіл-күй таратты (AP) AP - Бұл таңғажайып таң болды. Бостон Ред Сокс шынымен Әлемдік серияны жеңіп алды ма, әлде бұл тек тәтті түс пе еді? Перделерді ашып, күн сәулесін кіргізіп, ашық көк аспанға қарсы жарқыраған қызыл, алтын және қызғылт сары жапырақтарға көз жүгірттік. Бұл тым мінсіз, тым шынайы болып көрінді.",Sports,Sports
"Judge Orders Halt to YUKOS Unit Auction (Reuters) Reuters - A U.S. bankruptcy court on Thursday\stepped into the battle between YUKOS and the Russian\government, issuing an order to block Sunday's auction of the\company's main oil-producing arm for 10 days.",2,"Судья YUKOS бөлімшесінің аукционын тоқтатуға бұйрық берді (Reuters) Reuters - Бейсенбі күні АҚШ-тың банкроттық жөніндегі соты YUKOS пен Ресей үкіметі арасындағы күреске араласып, компанияның негізгі мұнай өндіруші бөлімшесінің жексенбі күнгі аукционын 10 күнге тоқтату туралы бұйрық шығарды.",Business,Business
"Unions protest as overtime rules take effect WASHINGTON -- Hundreds of workers rallied on the steps of the Labor Department yesterday to protest the implementation of new rules they say will cause as many as 6 million Americans to lose their overtime pay. But the Bush administration officials who crafted the complex regulations insisted more workers will actually qualify for extra pay under the plan, which almost ...",2,"Кәсіподақтар қосымша жұмыс уақыты ережелерінің күшіне енуіне қарсы наразылық білдіруде

ВАШИНГТОН -- Кеше жүздеген жұмысшылар Еңбек департаментінің баспалдақтарында жаңа ережелердің енгізілуіне қарсы наразылық білдірді, олар бұл ережелер 6 миллионға жуық америкалықтардың қосымша жұмыс уақыты үшін төлемдерін жоғалтуына әкеледі деп санайды. Бірақ бұл күрделі ережелерді жасаған Буш әкімшілігінің өкілдері бұл жоспар бойынша шын мәнінде көбірек жұмысшылар қосымша төлем алуға құқылы болады деп сендірді, бұл дерлік ...",Business,Business
"UPDATE 2-Computershare buys US EquiServe, shares surge Australia #39;s Computershare Ltd. (CPU.AX: Quote, Profile, Research) has agreed to buy the second-largest US share registrar, EquiServe, for \$292 million, quadrupling ",2,"Австралияның Computershare Ltd. (CPU.AX: Quote, Profile, Research) компаниясы АҚШ-тың екінші ірі акция тіркеушісі EquiServe-ті 292 миллион долларға сатып алуға келісті, бұл жаңалықтан кейін акцияларының бағасы күрт өсті.",Business,Business
"Tributes flood in for Nicholson Former Tottenham captain Dave Mackay has led the tributes to legendary former Spurs manager Bill Nicholson, who passed away on Saturday aged 85.",1,"Николсонға құрмет көрсетілуде Бұрынғы ""Тоттенхэм"" капитаны Дэйв Маккей сенбі күні 85 жасында қайтыс болған ""Тоттенхэм"" клубының аңызға айналған бұрынғы менеджері Билл Николсонға құрмет көрсетуді бастады.",Sports,Sports
"Howard Wins Big The Bison win their second straight game with a 53-7 domination of nonconference Savannah State before 5,205 at Greene Stadium.",1,"Говард үлкен жеңіске жетті Бизондар Грин стадионында 5,205 көрерменнің алдында конференциядан тыс Савана Стейтті 53-7 есебімен жеңіп, қатарынан екінші ойында жеңіске жетті.",Sports,Sports
Clubbing Wet Seal A same-stores sales drop that's less crummy than expected can't fix this sick pup.,2,"""Clubbing Wet Seal"" дүкендер желісінің сатылымы күтілгеннен аз төмендегенімен, бұл жағдайды түзете алмайды.",Business,Business
"A First Look At PalmOne #39;s T5 NEW YORK - If PalmOne #39;s Tungsten T5 handheld was an automobile, it would be described as being a facelift rather than a complete overhaul of the model that preceded it, the Tungsten T3.",3,"PalmOne #39;s T5-ке алғашқы көзқарас

НЬЮ-ЙОРК - Егер PalmOne #39;s Tungsten T5 қол құрылғысы автомобиль болғанда, оны алдыңғы моделі Tungsten T3-ке қарағанда толық жаңарту емес, тек сыртқы түрін жаңарту деп сипаттауға болар еді.",Sci/Tech,Sci/Tech
Microsoft: Use Script to Block Windows XP SP2 Updates Microsoft has offered up yet another way for businesses to block the automatic update of Windows XP to the big-deal Service Pack 2 (SP2) upgrade.,3,Microsoft: Windows XP SP2 жаңартуларын блоктау үшін скриптті пайдаланыңыз Microsoft компаниясы бизнеске Windows XP-ді маңызды Service Pack 2 (SP2) жаңартуына автоматты түрде жаңартуды блоктаудың тағы бір жолын ұсынды.,Sci/Tech,Sci/Tech
Radeon X850 Released VisionTek announced today the official launch of its XTASY RADEON X850 XT PCI Express Graphics Accelerator card.  quot;We #39;ve been overwhelmed by customer requests for a top of the line VisionTek 16X PCI Express ,3,"VisionTek бүгін өзінің XTASY RADEON X850 XT PCI Express Graphics Accelerator картасының ресми шығарылғанын жариялады. ""Біз VisionTek 16X PCI Express жоғары деңгейлі өнімге деген тұтынушылардың сұранысына таң қалдық.",Sci/Tech,Sci/Tech
"Quattrone gets 18 months in prison Frank Quattrone, who rose to investment banking stardom during the dot.com boom, was sentenced to 18 months in a federal prison camp in Lompoc, Calif.",2,Куаттроне 18 айға түрмеге қамалды Дотком дәуірінде инвестициялық банкинг жұлдызына айналған Фрэнк Куаттроне Калифорния штатының Ломпок қаласындағы федералды түрме лагерінде 18 айға бас бостандығынан айырылды.,Business,Business
"IndyCar champ Kanaan finishes second and every lap FORT WORTH, Texas Helio Castroneves had a great restart today with two laps to go after a lengthy caution. He held off IndyCar Series champion Tony Kanaan to win the season finale at Texas Motor Speedway.",1,"IndyCar чемпионы Канаан екінші орынға шығып, әр айналымды аяқтады ФОРТ-УОРТ, Техас Хелио Кастроневес ұзаққа созылған сақтықтан кейін екі айналым қалғанда керемет қайта бастау жасады. Ол IndyCar сериясының чемпионы Тони Канаанды ұстап, Техас Мотор Спидвейіндегі маусымның финалын жеңіп алды.",Sports,Sports
Oracle Profit Rises on Software Demand  SAN FRANCISCO (Reuters) - Oracle Corp. on Tuesday reported  a higher quarterly profit as the world's second largest  software company benefited from steady demand for its flagship  database software.,2,"Oracle-дың пайдасы бағдарламалық қамтамасыз етуге деген сұраныстың артуымен өсті

САН-ФРАНЦИСКО (Reuters) - Oracle Corp. сейсенбі күні тоқсандық пайдасының өскенін хабарлады, себебі әлемдегі екінші ірі бағдарламалық қамтамасыз ету компаниясы өзінің негізгі дерекқор бағдарламалық қамтамасыз етуіне тұрақты сұраныстан пайда көрді.",Business,Business
Saudi Denies Failure to Pursue Insurgents (AP) AP - A senior Saudi official rejected on Friday a suggestion that his government was lax in pursuing Saudi nationals who provide money to Iraqi insurgents or terrorist groups.,0,Сауд Арабиясы көтерілісшілерді қудалауда сәтсіздікке ұшырағанын жоққа шығарады (AP) AP - Жұма күні Сауд Арабиясының жоғары лауазымды шенеунігі оның үкіметі Ирак көтерілісшілеріне немесе террористік топтарға ақша беретін Сауд Арабиясының азаматтарын қудалауда босаңдық танытты деген ұсынысты жоққа шығарды.,World,World
"National Geographic Photo Camps Give Kids New Views In New York, San Francisco, and Washington, D.C., National Geographic's Photo Camps this summer paired underprivileged students with seasoned photogropaphers. &lt;i&gt;With photo gallery.&lt;/i&gt;",3,"National Geographic Фото Лагерьлері Балаларға Жаңа Көзқарас Береді Нью-Йорк, Сан-Франциско және Вашингтон, D.C. қалаларында осы жазда National Geographic-тің Фото Лагерьлері аз қамтылған студенттерді тәжірибелі фотографтармен жұптастырды. &lt;i&gt;Фотогалереямен бірге.&lt;/i&gt;",Sci/Tech,Sci/Tech
The Next Giant Leap Rendezvous quot; for the docking techniques he developed while at MIT earning his PhD in astronautics. Lessig: Technology over ideology!,3,Келесі Үлкен Қадам Кездесуі; ол MIT-де астронавтика бойынша докторлық дәрежесін алған кезде әзірлеген түйісу әдістері үшін. Лессиг: Идеологиядан жоғары технология!,Sci/Tech,Sci/Tech
Bollywood actress Nirupa Roy dies Bollywood actress Nirupa Roy dies after a heart attack at her home in Mumbai (Bombay) aged 73.,0,"Болливуд актрисасы Нирупа Рой Мумбай (Бомбей) қаласындағы үйінде жүрек талмасынан қайтыс болды, жасы 73-те.",World,World
"Streaking Astros Clock Reds 11-5 (AP) AP - Astros pitcher Brandon Backe hit his first career homer, a two-run shot, and allowed one run in seven innings to keep Houston in the thick of the NL wild-card chase with an 11-5 rout of the Cincinnati Reds on Monday.",1,"Астростардың жеңісті сериясы Редсті 11-5 есебімен жеңді (AP) AP - Астростардың питчері Брэндон Баке өзінің мансабындағы алғашқы хоумранды соғып, екі ұпай жинады және жеті иннингте бір ғана ұпай жіберіп, дүйсенбі күні Цинциннати Редсті 11-5 есебімен жеңіп, Хьюстонды Ұлттық лиганың уайлд-кард жарысында сақтап қалды.",Sports,Sports
"Get Real? This time last week, first lady Laura Bush was having what she might call her Christmas Tree Day. First, she showed off the decorated executive mansion to reporters and then joined her husband ",2,"Шынайы болу? Өткен аптада осы уақытта бірінші ханым Лора Буш өзінің Рождестволық ағаш күнін өткізіп жатқан болатын. Алдымен ол безендірілген атқарушы резиденцияны журналистерге көрсетті, содан кейін күйеуімен бірге қосылды.",World,Business
India's Tata expands regional footprint via NatSteel buyout (AFP) AFP - India's Tata Iron and Steel Company Ltd. took a strategic step to expand its Asian footprint with the announcement it will buy the Asia-Pacific steel operations of Singapore's NatSteel Ltd.,0,"Үндістанның Tata компаниясы NatSteel-ді сатып алу арқылы аймақтық ауқымын кеңейтуде (AFP) AFP - Үндістанның Tata Iron and Steel Company Ltd. компаниясы Сингапурдың NatSteel Ltd. компаниясының Азия-Тынық мұхиты болат операцияларын сатып алатынын жариялап, Азиядағы ауқымын кеңейту үшін стратегиялық қадам жасады.",Business,World
"Wiretaps may mute Nextel rivals Fed up with technical excuses, FBI wants carriers to support eavesdropping capabilities for push-to-talk technology now.",3,Тыңдаулар Nextel бәсекелестерін үнсіз қалдыруы мүмкін. Техникалық сылтаулардан шаршаған ФБР тасымалдаушылардан push-to-talk технологиясы үшін тыңшылық мүмкіндіктерін қолдауды қазір талап етеді.,Sci/Tech,Sci/Tech
"Net firms: Don't tax VoIP The Spanish-American War is over and a ""temporary"" tax created to pay for it should not be extended to Internet phone calls, industry groups tell the IRS",3,"Интернет компаниялары: VoIP-ке салық салмаңыз Испан-Американ соғысы аяқталды және оны төлеу үшін құрылған ""уақытша"" салық интернет арқылы телефон қоңырауларына қолданылмауы керек, деп салалық топтар IRS-ке мәлімдейді.",Sci/Tech,Sci/Tech
"DHS faces IT management challenge, GAO says A  quot;formidable information and technology management challenge quot; faces the Homeland Security Department, according a report released today by the Government Accountability Office.",3,"GAO мәлімдеуінше, АҚШ-тың Ішкі қауіпсіздік департаменті ақпараттық технологияларды басқаруда қиындықтарға тап болуда Бүгін Үкіметтің есеп беру басқармасы жариялаған есепке сәйкес, Ішкі қауіпсіздік департаменті ""үлкен ақпарат және технологияларды басқару қиындықтарына"" тап болуда.",Sci/Tech,Sci/Tech
"Mandela, Tutu and others support Annan A group of high profile South Africans, including former president Nelson Mandela, has condemned attempts to force United Nations secretary-general Kofi Annan to resign.",0,"Мандела, Туту және басқалар Аннанды қолдайды Оңтүстік Африканың жоғары дәрежелі тұлғалар тобы, оның ішінде бұрынғы президент Нельсон Мандела, Біріккен Ұлттар Ұйымының бас хатшысы Кофи Аннанды отставкаға кетуге мәжбүрлеу әрекеттерін айыптады.",World,World
"Service-Sector Revenues Rise in Q2 Revenues in key sectors of the US services industry grew in the second quarter, the government said on Monday in a new survey aimed at measuring growth in the giant tranche of the economy.",2,"АҚШ қызмет көрсету саласының негізгі секторларындағы кірістер екінші тоқсанда өсті, деп дүйсенбі күні үкімет экономикадағы алып бөліктің өсуін өлшеуге бағытталған жаңа сауалнамада хабарлады.",Business,Business
"Hartford Sees \$91 Mln in Charley Losses  NEW YORK (Reuters) - Hartford Financial Services Group Inc.  &lt;A HREF=""http://www.investor.reuters.com/FullQuote.aspx?ticker=HIG.N target=/stocks/quickinfo/fullquote""&gt;HIG.N&lt;/A&gt; on Tuesday became the latest insurer to issue a profit  warning tied to Hurricane Charley, the strongest storm to hit  Florida in a dozen years.",2,"Хартфорд Чарли дауылынан 91 миллион доллар шығын көрді  НЬЮ-ЙОРК (Reuters) - Hartford Financial Services Group Inc. &lt;A HREF=""http://www.investor.reuters.com/FullQuote.aspx?ticker=HIG.N target=/stocks/quickinfo/fullquote""&gt;HIG.N&lt;/A&gt; сейсенбі күні Флоридаға соңғы он екі жылдағы ең күшті дауыл Чарлидің әсерінен пайда туралы ескерту жасаған соңғы сақтандыру компаниясы болды.",Business,Business
Oxford 18 Cambridge 11 Replacement winger Ross Lavery scored the decisive try just two minutes from time as Oxford finally justified the favourites tag they had carried into each of the last three matches.,1,"Оксфорд 18 Кембридж 11 Орынбасар қанат ойыншысы Росс Лавери Оксфорд соңғы үш матчта да өздерімен бірге алып жүрген фаворит атағын ақтаған кезде, уақыттан екі минут бұрын шешуші три жасады.",Sports,Sports
"Fresh violence mars Afghan vote count A deadly explosion has hit a car carrying an election worker in southeastern Afghanistan. In all, five people were killed, including the worker identified as a local physician who helped organize the vote.",0,"Ауғанстандағы дауыс санау кезінде жаңа зорлық-зомбылық орын алды. Оңтүстік-шығыс Ауғанстанда сайлау қызметкерін тасымалдап келе жатқан көлікте жарылыс болды. Барлығы бес адам қаза тапты, оның ішінде дауыс беруді ұйымдастыруға көмектескен жергілікті дәрігер ретінде анықталған қызметкер де бар.",World,World
Symantec to offer Web-based Norton AntiVirus console The Web console -- to be made available specifically to corporate and enterprise licensees of Norton AntiVirus software -- will allow administrators to distribute virus definitions and product updates on demand.,3,Symantec Norton AntiVirus бағдарламасының веб-негізделген консолін ұсынады Веб-консоль -- Norton AntiVirus бағдарламалық жасақтамасының корпоративтік және кәсіпорын лицензияларының иелеріне арнайы қолжетімді болады -- әкімшілерге вирус анықтамаларын және өнім жаңартуларын сұраныс бойынша таратуға мүмкіндік береді.,Sci/Tech,Sci/Tech
"Voting Machines Remain Unsecured--Experts In one example, a government study of voting-machine security issues was eventually canceled because conclusions by the panel of computer scientists were so negative.",3,"Дауыс беру машиналары әлі де қорғалмаған -- Сарапшылар Бір мысалда, дауыс беру машиналарының қауіпсіздік мәселелерін зерттеген үкіметтік зерттеу ақырында тоқтатылды, себебі компьютер ғалымдары панелінің қорытындылары өте теріс болды.",Sci/Tech,Sci/Tech
"Cavaliers Defeat Nets 103-97 (AP) AP - LeBron James scored 27 points and assisted on Lucious Harris' clinching 3-pointer with 6 seconds left as the first-place Cleveland Cavaliers won their eighth straight at home, 103-97 over the New Jersey Nets on Tuesday night.",1,"Кавальерс Нетсті 103-97 есебімен жеңді (AP) AP - Леброн Джеймс 27 ұпай жинап, Лушиус Харристің шешуші 3 ұпайлық добын 6 секунд қалғанда орындауына көмектесті. Бірінші орындағы Кливленд Кавальерс сейсенбі күні кешке Нью-Джерси Нетсті 103-97 есебімен жеңіп, үйдегі қатарынан сегізінші жеңісіне қол жеткізді.",Sports,Sports
"Computer Associates exec pleads not guilty Sanjay Kumar, the former chief executive of Computer Associates of Islandia, NY, pleaded innocent Thursday to charges he helped inflate financial results.",2,"Компьютер Ассошиэйтс басшысы кінәсіз екенін мәлімдеді

Нью-Йорк штатының Айлендия қаласындағы Компьютер Ассошиэйтс компаниясының бұрынғы бас директоры Санджай Кумар бейсенбі күні қаржылық нәтижелерді жасанды түрде жоғарылатуға көмектесті деген айыптауларға кінәсіз екенін мәлімдеді.",Business,Business
"Business ; Fiat Talks Tough Ahead of Key GM Meeting  quot;There is a very good argument to say that the Italian car plants could benefit from the relocation of other GM businesses in Europe, quot; Marchionne was quoted as saying.",2,"Бизнес; Fiat GM-нің маңызды жиналысы алдында қатаң сөйлейді ""Италияндық автокөлік зауыттары Еуропадағы басқа GM бизнесінің көшуінен пайда көре алады деген өте жақсы дәлел бар,"" - деп Марджионне айтқан.",Business,Business
"Fan v Fan: Manchester City-Tottenham Hotspur This weekend Manchester City entertain Spurs, and with last seasons seven-goal FA Cup epic between the two teams still fresh in the memory, entertain could be the operative word.",1,"Фан қарсы Фан: Манчестер Сити-Тоттенхэм Хотспур Осы демалыс күндері Манчестер Сити Тоттенхэмді қабылдайды, және өткен маусымдағы екі команда арасындағы жеті голдық ФА Кубогының эпикалық ойыны әлі де есте сақталғандықтан, ""қабылдайды"" сөзі дәл келетін сөз болуы мүмкін.",Sports,Sports
"General Mills goes whole grains NEW YORK (CNN/Money) - General Mills announced plans Thursday to start using healthier whole grains in all of its ready-to-eat cereals, including children #39;s cereals such as Trix, Cocoa Puffs and Lucky Charms.",2,"General Mills толық дәнді дақылдарға көшеді НЬЮ-ЙОРК (CNN/Money) - General Mills бейсенбі күні барлық дайын таңғы астарында, соның ішінде балаларға арналған Trix, Cocoa Puffs және Lucky Charms сияқты таңғы астарында денсаулыққа пайдалы толық дәнді дақылдарды қолдануды бастау жоспарын жариялады.",Business,Business
"Lazard adversaries edge closer to a deal Bruce Wasserstein, head of Lazard, could reach an agreement as early as this week with Michel David-Weill, the chairman, extending the deadline for ",2,"Лазард қарсыластары келісімге жақындап келеді Лазард басшысы Брюс Уассерстейн осы аптада төраға Мишель Давид-Вейлмен келісімге келіп, мерзімді ұзартуы мүмкін.",Business,Business
"Japanese Prime Minister Inspects Four Northern Islands under &lt;b&gt;...&lt;/b&gt; On September 2, Japanese Prime Minister Junichiro Koizumi (right) inspects four northern islands that are under territorial dispute with Russia.",0,Жапония Премьер-министрі Төрт Солтүстік Аралды тексерді ... 2 қыркүйекте Жапония Премьер-министрі Дзюнъитиро Коидзуми (оң жақта) Ресеймен аумақтық дау-дамайда тұрған төрт солтүстік аралды тексерді.,World,World
"This Just In - Sprint is Stupid \\Found this  via BoingBoing this morning:\\""The new Treo 650 is out today -- and as a long-time fan of the Treo, I've been\looking forward to it. I've asked in the past for ""one with everything"" -- a\phone with all the features I could want in one device, without\compromises. It looks like PalmOne delivered, with a 320x320 screen, removable\battery, upgraded OS, a better camera, and Bluetooth.""\\""Oops -- not quite! TreoCentral is reporting that the Sprint version of the\Treo 650 doesn't allow you to use Bluetooth for dial-up networking through\your computer. Apparently other carriers will, but not Sprint.""\\""You see, Sprint sells connection cards, which are PCCards that allow you to\dial up y ...\\",3,"Бұл Жаңалық - Sprint ақымақ \\Бүгін таңертең BoingBoing арқылы таптым:\\""Жаңа Treo 650 бүгін шықты -- және Treo-ның ұзақ уақыт бойы жанкүйері ретінде, мен оны асыға күттім. Бұрын мен ""бәрі бар біреуін"" сұраған едім -- барлық мүмкіндіктері бар телефонды бір құрылғыда, ешқандай ымырасыз. PalmOne 320x320 экран, алынбалы батарея, жаңартылған ОС, жақсы камера және Bluetooth-пен қамтамасыз еткендей көрінеді.""\\""Ой, олай емес екен! TreoCentral хабарлауынша, Treo 650-нің Sprint нұсқасы компьютер арқылы Bluetooth-ты теру желісіне пайдалану мүмкіндігін бермейді. Басқа операторлар мүмкіндік береді, бірақ Sprint емес.""\\""Көрдіңіз бе, Sprint байланыс карталарын сатады, олар сізге теру мүмкіндігін беретін PCCards ...\\",Sci/Tech,Sci/Tech
"S.Africa Cancels Thatcher Meeting with Eq. Guinea South Africa has canceled a meeting with prosecutors from Equatorial Guinea who had hoped to interview Mark Thatcher on his suspected links to a coup plot in the oil-rich country, officials said on Sunday.",0,Оңтүстік Африка Экваторлық Гвинеямен Тэтчер кездесуін тоқтатты Оңтүстік Африка жексенбі күні Экваторлық Гвинеяның прокурорларымен кездесуді тоқтатқанын мәлімдеді. Олар мұнайға бай елдегі төңкеріс жоспарына қатысы бар деп күдіктелген Марк Тэтчерден сұхбат алуды көздеген болатын.,World,World
Half.com to continue at full speed This fourth priority #39;s main focus has been improving or obtaining CRM and ERP software for the past year and a half. Online auction giant eBay won #39;t be closing down its Half.,3,Half.com толық қарқынмен жалғасады Бұл төртінші басымдықтың негізгі мақсаты соңғы бір жарым жыл ішінде CRM және ERP бағдарламалық жасақтамасын жақсарту немесе алу болды. Онлайн аукцион алыбы eBay өзінің Half платформасын жаппайды.,Business,Sci/Tech
Court bars MCI from making payments A federal court Wednesday barred No. 2 US long-distance carrier MCI Inc. from making further payments to cover more than \$25 million in unauthorized expenses related to bankruptcy of predecessor WorldCom.,2,Сот MCI-ге төлемдер жасауды тыйды Федералды сот сәрсенбі күні АҚШ-тағы екінші ірі алыс қашықтыққа байланыс қызметін көрсетуші MCI Inc. компаниясына бұрынғы WorldCom компаниясының банкроттығына байланысты рұқсат етілмеген шығындарды жабу үшін 25 миллион доллардан астам төлемдерді одан әрі жүзеге асыруға тыйым салды.,Business,Business
"Browns coach Davis resigns; Robiskie named interim coach BEREA, Ohio (Ticker) - One day after admitting that his shaky job status was a  quot;distraction quot; to his players, Butch Davis resigned as coach of the Cleveland Browns on Tuesday.",1,"Браунстың жаттықтырушысы Дэвис отставкаға кетті; Робиски уақытша жаттықтырушы болып тағайындалды БЕРЕА, Огайо (Ticker) - Өзінің тұрақсыз жұмыс жағдайы ойыншыларына «алаңдаушылық» тудыратынын мойындағаннан кейін бір күн өткен соң, Бутч Дэвис сейсенбі күні Кливленд Браунстың жаттықтырушысы қызметінен кетті.",Sports,Sports
IBM launches top-end Power5 servers IBM has expanded the top end of its eServer range with three multiple-processor systems aimed at datacentres and large enterprise clients.,3,IBM дербес Power5 серверлерін іске қосты IBM өзінің eServer ауқымының жоғарғы бөлігін деректер орталықтары мен ірі кәсіпорын клиенттеріне арналған үш көп процессорлы жүйемен кеңейтті.,Sci/Tech,Sci/Tech
"Barrichello Wins Chinese Grand Prix SHANGHAI, China - Rubens Barrichello won the inaugural Chinese Grand Prix on Sunday, taking advantage of Formula One champion Michael Schumacher #39;s disastrous weekend and outlasting runner-up Jenson Button by just over a second.",1,"Баррикелло Қытай Гран-приін жеңіп алды

ШАҢХАЙ, Қытай - Рубенс Баррикелло жексенбі күні алғашқы Қытай Гран-приін жеңіп алды, Формула-1 чемпионы Михаэль Шумахердің сәтсіз демалыс күнін пайдаланып, екінші орын алған Дженсон Баттонды бір секундтан сәл астам уақытқа артта қалдырды.",Sports,Sports
"Clouds darken PeopleSoft conference SAN FRANCISCO -- PeopleSoft Inc. is trying to create a party-like atmosphere at its annual customer conference, but this week's gathering may feel more like a wake with rival Oracle Corp.'s \$7.7 billion takeover bid looming larger than ever.",2,"Бұлттар PeopleSoft конференциясын қараңғылатады

САН-ФРАНЦИСКО -- PeopleSoft Inc. өзінің жыл сайынғы клиенттер конференциясында мерекелік атмосфера құруға тырысуда, бірақ осы аптадағы жиналыс бәсекелес Oracle Corp.-тың 7,7 миллиард долларлық сатып алу ұсынысы бұрынғыдан да үлкен болып көрінгендіктен, көбірек аза тұту рәсіміне ұқсас болуы мүмкін.",Business,Business
"Brazil Tops Spain for Men's Gold in Beach Volleyball  ATHENS (Reuters) - Ricardo Santos and Emanuel Rego beat  Spain's Javier Bosma and Pablo Herrera 21-16, 21-15 on  Wednesday to bag Brazil's first men's Olympic beach volleyball  gold medal.",1,"Бразилия ерлер арасындағы жағажай волейболынан алтын медальді Испаниядан тартып алды

АФИНА (Reuters) - Рикардо Сантос пен Эмануэль Рего сәрсенбі күні Испанияның Хавьер Босма мен Пабло Эррераны 21-16, 21-15 есебімен жеңіп, Бразилияға ерлер арасындағы Олимпиада жағажай волейболынан алғашқы алтын медальді алып берді.",Sports,Sports
Indian state rolls out wireless broadband Government in South Indian state of Kerala sets up wireless kiosks as part of initiative to bridge digital divide.,3,Үндістан штаты сымсыз кең жолақты интернетті іске қосады Оңтүстік Үндістанның Керала штатындағы үкімет цифрлық алшақтықты жою бастамасы аясында сымсыз киоскілерді орнатты.,Sci/Tech,Sci/Tech
"Saints Revoke Waiver Claim on Derek Ross (AP) AP - One day after placing a waiver claim on troubled cornerback Derek Ross, the Saints did an about-face and released the former Ohio State standout after he missed a scheduled flight to New Orleans on Wednesday night.",1,"Әулиелер Дерек Россқа қатысты бас тарту талабын кері қайтарды (AP) AP - Мәселелі корнербек Дерек Россқа бас тарту талабын қойғаннан кейін бір күн өткен соң, Әулиелер сәрсенбі күні кешке Жаңа Орлеанға жоспарланған рейске кешіккеннен кейін бұрынғы Огайо штатының үздік ойыншысын босатты.",Sports,Sports
"UEFA bans Lazio stadium for fan misbehavior UEFA on Friday ordered Italian side Lazio to play its next European match behind closed doors as punishment for unruly fan behavior during a game last month against Partizan Belgrade, including racial taunts directed at Partizan #39;s ",1,"УЕФА жанкүйерлердің тәртіпсіздігі үшін Лацио стадионын жабады УЕФА жұма күні итальяндық Лацио командасына өткен айда Партизан Белградқа қарсы ойын кезінде жанкүйерлердің тәртіпсіз әрекеттері, соның ішінде Партизан ойыншыларына бағытталған нәсілшілдік мазақтары үшін келесі еуропалық матчты көрерменсіз өткізуге бұйрық берді.",Sports,Sports
Pakistan and India agree to cooperate on easing tensions and &lt;b&gt;...&lt;/b&gt; The leaders of India and Pakistan promised Friday to work together to  quot;restore normalcy and cooperation quot; between their countries and seek peace in the disputed Himalayan territory of Kashmir.,0,"Пәкістан мен Үндістан шиеленісті жеңілдету бойынша ынтымақтасуға келісті және &lt;b&gt;...&lt;/b&gt; Үндістан мен Пәкістанның көшбасшылары жұма күні өз елдері арасында ""қалыпты жағдай мен ынтымақтастықты қалпына келтіру"" және даулы Гималай аймағы Кашмирде бейбітшілік орнату үшін бірге жұмыс істеуге уәде берді.",World,World
"Mars gases reveal enticing clues for life Water vapour and methane gas have been found in the same places on Mars, strengthening speculation that the Red Planet could be a haven for microbial life, space scientists say.",3,"Марс газдары өмірдің қызықты белгілерін ашады. Ғарыш ғалымдарының айтуынша, Марста су буы мен метан газы бірдей жерлерде табылған, бұл Қызыл ғаламшардың микробтық өмір үшін қолайлы орын болуы мүмкін деген болжамды күшейтеді.",Sci/Tech,Sci/Tech
"NASA delays flight of X-43A scramjet to attempt Mach 10 LOS ANGELES NASA will try again today to fly an unmanned hypersonic jet designed to reach a record speed of Mach Ten, or seven-thousand-miles-per-hour.",3,"NASA X-43A скрамжеттің ұшуын кейінге қалдырды, Mach 10 жылдамдығына жетуге тырысады ЛОС-АНДЖЕЛЕС NASA бүгін қайтадан Mach Ten немесе сағатына жеті мың миль жылдамдыққа жетуге арналған пилотсыз гипердыбыстық ұшақты ұшыруға тырысады.",Sci/Tech,Sci/Tech
"Sharon cautious on reopening talks The Israeli prime minister, Ariel Sharon, yesterday said the death of his long-time rival, Yasser Arafat, could prove to be  quot;a historic turning point in the Middle East quot;.",0,"Шарон келіссөздерді қайта бастауға сақтықпен қарайды Израиль премьер-министрі Ариэль Шарон кеше өзінің ұзақ уақыт бойы қарсыласы болған Ясир Арафаттың өлімі Таяу Шығыстағы ""тарихи бетбұрыс"" болуы мүмкін екенін айтты.",World,World
"Syracuse Guard Ruled Ineligible for Fall (AP) AP - Syracuse point guard Billy Edelin has been declared ineligible for the first semester of the academic year because he does not meet NCAA academic requirements, school officials said Tuesday.",1,"Сиракьюз қорғаушысы күзгі маусымға жарамсыз деп танылды (AP) AP - Сиракьюз университетінің қорғаушысы Билли Эделин оқу жылының бірінші семестріне академиялық талаптарға сәйкес келмегендіктен жарамсыз деп танылды, деп мәлімдеді мектеп өкілдері сейсенбі күні.",Sports,Sports
"Crunch Time for Biotech Companies Washington area biotech companies will face pivotal moments this year, finding out whether key products work before money dries up, fending off competition from bigger companies,  and, perhaps filing to go public.",2,"Биотехнологиялық компаниялар үшін шешуші уақыт

Вашингтон аймағындағы биотехнологиялық компаниялар биыл шешуші сәттерге тап болады, негізгі өнімдердің жұмыс істейтінін анықтап, қаржы таусылғанға дейін, ірі компаниялардан бәсекелестікті тойтарып, мүмкін, көпшілікке шығуға өтініш берумен айналысады.",Business,Business
"NL Wrap: Backe Pitches, Hits Astros to Win Over Reds Brandon Backe pitched seven innings and clubbed a two-run homer, the first of his major league career, to earn the Houston Astros an 11-5 triumph over the Cincinnati Reds in the National League Monday.",1,"NL Wrap: Баке Astros-ты Reds-ке қарсы жеңіске жеткізді

Брэндон Баке жеті иннинг бойы ойнап, өзінің үлкен лигадағы мансабындағы алғашқы екі ұпайлық хоумранды соғып, дүйсенбі күні Ұлттық лигада Хьюстон Астросқа Цинциннати Редске қарсы 11-5 есебімен жеңіс әкелді.",Sports,Sports
"MEPs threaten to sink commission over Buttiglione MEPs threatened last night to bring down the new European Commission before it even takes office, as a row sparked by controversial comments about homosexuality escalated into an unprecedented crisis.",0,"Еуропарламент депутаттары комиссияны Баттиглионе мәселесі бойынша құлатамыз деп қорқытты Еуропарламент депутаттары кеше кешке жаңа Еуропалық Комиссия қызметке кіріспей жатып-ақ оны құлатамыз деп қорқытты, себебі гомосексуализм туралы даулы пікірлерден туындаған жанжал бұрын-соңды болмаған дағдарысқа айналды.",World,World
Britain doing  quot;all we can quot; for hostage in Iraq Prime Minister Tony Blair has his government is doing all in its power to help a kidnapped Briton -- but he has avoided a public response to insurgents threatening to kill the man.,0,"Британия Ирактағы кепілге алынған адам үшін ""барлығын жасап жатыр"" Ұлыбритания премьер-министрі Тони Блэр оның үкіметі ұрланған британдыққа көмектесу үшін бар күшін салып жатқанын айтты -- бірақ ол бүлікшілердің адамды өлтіреміз деген қауіп-қатеріне жария түрде жауап беруден аулақ болды.",World,World
Prying Into FBI Activities The ACLU files Freedom of Information Act requests to find out why antiterrorism task forces have been monitoring activists. By Ryan Singel.,3,ФБР қызметіне араласу Американдық азаматтық бостандықтар одағы (ACLU) терроризмге қарсы топтардың белсенділерді неге бақылап жүргенін анықтау үшін Ақпарат бостандығы туралы заңға сәйкес сұраулар жіберді. Райан Сингел.,World,Sci/Tech
"Microsoft, Amazon to combine forces Individually theyve been unstoppable in their respective industries. Theyre both legends that have survived the dot com burst and came out winners.",3,"Microsoft пен Amazon күш біріктіреді. Жеке алғанда, олар өз салаларында тоқтаусыз болды. Олар екеуі де dot com дағдарысынан аман қалып, жеңімпаз болып шыққан аңыздар.",Business,Sci/Tech
"Medicare Premiums to Rise Record 17 Pct. WASHINGTON - Medicare premiums for doctor visits are going up a record \$11.60 a month next year. The Bush administration says the increase reflects a strengthened Medicare, while Democrats complain that seniors are being unfairly socked...",0,"Медициналық сақтандыру төлемдері рекордтық 17 пайызға өседі. ВАШИНГТОН - Келесі жылы дәрігерге бару үшін Medicare төлемдері айына рекордтық 11,60 долларға өседі. Буш әкімшілігі бұл өсім Medicare-дің күшейтілгенін көрсетеді десе, демократтар қарт адамдарға әділетсіз жүк түсіп жатқанын айтып шағымдануда...",Business,World
"Gone Phishing? Zastrossi writes  quot;According to the Anti-Phishing Working Group, phishing sites--the practice of making sites that look and act like popular sites such as banks in order to steal personal information from customers--rose from 543 sites in September to ",3,"Фишингке ұшырадыңыз ба? Застросси былай деп жазады: «Анти-Фишинг Жұмыс Тобының мәліметі бойынша, фишинг сайттары – клиенттердің жеке ақпаратын ұрлау мақсатында банктер сияқты танымал сайттарға ұқсас және солар сияқты әрекет ететін сайттарды жасау тәжірибесі – қыркүйек айында 543 сайттан ...»",Sci/Tech,Sci/Tech
"E-Mail And IM Get Closer ICQ, an IM service provider owned by America Online, and Mail2World Inc., a provider of messaging and collaboration services, this week revealed a free upgrade to the ICQmail service that ",3,"Электрондық пошта және IM жақындай түсуде ICQ, America Online компаниясына тиесілі IM қызметін жеткізуші, және Mail2World Inc., хабар алмасу және ынтымақтастық қызметтерін жеткізуші, осы аптада ICQmail қызметіне тегін жаңартуды ашты, ол",Sci/Tech,Sci/Tech
"Mark Cuban prompts dot-com redux reporteri #39;s notebook SAN FRANCISCO--Hope and cynicism sparred to a draw on Tuesday at the glitzy opening banquet of Web 2.0 conference here, as serial entrepreneur and reality TV show host Mark Cuban took the stage to talk about what #39;s next for the 10-year ",3,"Марк Кьюбан дот-комның қайта өрлеуі туралы репортердің жазбасын ұсынады

САН-ФРАНЦИСКО--Сейсенбі күні мұнда өткен Web 2.0 конференциясының жарқыраған ашылу банкетінде үміт пен цинизм тең түсті, себебі сериялық кәсіпкер және реалити-шоу жүргізушісі Марк Кьюбан сахнаға шығып, 10 жылдықтың келесі кезеңі туралы әңгімеледі.",Business,Sci/Tech
"Swimming: Phelps Wins Gold, Pulls Out of Relay  ATHENS (Reuters) - Michael Phelps, who has won five gold  medals in the Olympic pool, said Friday he was pulling out of  Saturday's 4x100 meter medley relay final to give team mate Ian  Crocker the chance to swim.",1,"Жүзу: Фелпс алтын медаль жеңіп алды, эстафетадан бас тартты АФИНА (Рейтер) - Олимпиада бассейнінде бес алтын медаль жеңіп алған Майкл Фелпс жұма күні командаласы Иан Крокерге жүзу мүмкіндігін беру үшін сенбі күнгі 4x100 метрлік кешенді эстафета финалынан бас тартатынын айтты.",Sports,Sports
"Selig Welcomes Government Help In Steroids Scandal NEW YORK -- Baseball commissioner Bud Selig said Monday he would accept government intervention on steroid testing if the players #39; association refuses to change the current rules, which run for two more years.",1,"Селиг стероидтер жанжалында үкіметтің көмегін құптайды

НЬЮ-ЙОРК -- Бейсбол комиссары Бад Селиг дүйсенбі күні егер ойыншылар қауымдастығы қазіргі ережелерді өзгертуге келіспесе, үкіметтің стероидтерді тексеру бойынша араласуын қабылдайтынын айтты. Қазіргі ережелер тағы екі жылға созылады.",Sports,Sports
"UPDATE 3-Sonic, Asbury cut earnings estimates, stocks fall Shares of Sonic Automotive Inc. (SAH.N: Quote, Profile, Research) and Asbury Automotive Group Inc. (ABG.N: Quote, Profile, Research) fell sharply on Tuesday after both car dealership ",2,"Sonic және Asbury табыс болжамдарын төмендетті, акциялар құлдырады Sonic Automotive Inc. (SAH.N: Quote, Profile, Research) және Asbury Automotive Group Inc. (ABG.N: Quote, Profile, Research) компанияларының акциялары сейсенбі күні күрт төмендеді, өйткені екі автокөлік дилерлік компаниясы да табыс болжамдарын төмендетті.",Business,Business
"Opportunity Rings (Forbes.com) Forbes.com - This past summer 25,000 consumers, aged 18 to 24, received short text messages on their cell phones alerting them to numbers on 225 million bottle caps of Snapple iced tea, pink lemonade and the like. People holding a winning number, announced by text message and traditional media, landed overseas trips and walk-on parts on TV shows.",3,"Мүмкіндік қоңыраулары (Forbes.com) Forbes.com - Өткен жазда 18-ден 24 жасқа дейінгі 25,000 тұтынушы өздерінің ұялы телефондарында Snapple мұздатылған шайы, қызғылт лимонад және сол сияқты 225 миллион бөтелке қақпақтарындағы сандар туралы хабарлайтын қысқа мәтіндік хабарламалар алды. Жеңімпаз нөмірді ұстаған адамдар, мәтіндік хабарлама және дәстүрлі медиа арқылы жарияланған, шетелге сапарлар мен телешоуларда эпизодтық рөлдерге ие болды.",Business,Sci/Tech
"Angels Ascend to First-Place Tie With A's (AP) AP - For the first time in over three months, the Angels are back in first place.",1,Періште командасы A's командасымен бірінші орынға теңесті (AP) AP - Үш айдан астам уақыттан кейін алғаш рет Періште командасы қайтадан бірінші орынға шықты.,Sports,Sports
"Unctad optimistic on global FDI inflows The United Nations Conference on Trade and Development (Unctad) on Wednesday said that though global inflows of FDI fell in 2003 for the third year in a row to \$560 billion, prospects for the current year are promising.",2,"ЮНКТАД жаһандық ТШИ ағындарына қатысты оптимистік көзқараста БҰҰ Сауда және даму жөніндегі конференциясы (ЮНКТАД) сәрсенбі күні 2003 жылы жаһандық ТШИ ағындары қатарынан үшінші жылға \$560 миллиардқа дейін төмендегеніне қарамастан, ағымдағы жылға арналған болжамдар үмітті екенін айтты.",Business,Business
Microsoft Storms India Microsoft is making big news in India this week by expanding its Hyderabad campus and signing two lucrative deals in Asias fourth largest economy.,2,"Microsoft Үндістанды бағындыруда Microsoft осы аптада Үндістанда үлкен жаңалықтар жасап жатыр, себебі ол Хайдарабад кампусын кеңейтіп, Азияның төртінші ірі экономикасында екі табысты келісімшартқа қол қойды.",Business,Business
"China vows currency shift but mum on date Washington, Oct. 2: In the face of growing international pressure, Chinese officials told top US officials on Friday that they would continue to push ahead with plans to float or revalue their currency, but ",2,"Қытай валютаны өзгертуге уәде берді, бірақ мерзімі туралы айтпады Вашингтон, 2 қазан: Халықаралық қысымның күшеюіне байланысты Қытай шенеуніктері жұма күні АҚШ-тың жоғары лауазымды тұлғаларына өз валюталарын еркін айналымға жіберу немесе қайта бағалау жоспарларын жалғастыратынын айтты, бірақ",Business,Business
"Lights! Camera! Beckham! England #39;s most celebrated soccer player, David Beckham, has announced that he will undertake his first major acting role in a film trilogy called  #39;Goal!",1,Шамдар! Камера! Бекхэм! Англияның ең танымал футболшысы Дэвид Бекхэм өзінің алғашқы ірі актерлік рөлін «Goal!» деп аталатын фильм трилогиясында орындайтынын жариялады.,Sports,Sports
Stunt pilots to snag a falling NASA craft NASA #39;s three-year effort to bring some genuine star dust back to Earth is set for a dramatic finale Sept. 8 when Hollywood helicopter pilots will attempt a midair retrieval ,3,"NASA-ның үш жылдық жұлдыз шаңын Жерге қайтару әрекеті 8 қыркүйекте драмалық финалға жетеді, онда Голливудтың тікұшақ ұшқыштары әуеде ұстап алуға тырысады.",Sci/Tech,Sci/Tech
"Chicago Bears Cut Bryan Robinson LAKE FOREST, Ill. -- Veteran defensive lineman Bryan Robinson (pictured) was among 21 players cut Sunday as the Chicago Bears pared their roster to 53.",1,"Чикаго Беарс Брайан Робинсонды құрамнан шығарды ЛЕЙК ФОРЕСТ, Иллинойс. -- Жексенбі күні Чикаго Беарс құрамын 53 ойыншыға дейін қысқартқан кезде, тәжірибелі қорғаныс шебінің ойыншысы Брайан Робинсон (суретте) құрамнан шығарылған 21 ойыншының қатарында болды.",Sports,Sports
"World briefs LONDON - A man wielding a machete and a knife attacked two security guards at the building housing the headquarters of the British domestic intelligence service MI5 on Friday, police said.",2,"Әлем жаңалықтары ЛОНДОН - Жұма күні британдық ішкі барлау қызметі MI5-тің штаб-пәтері орналасқан ғимаратта мачете мен пышақ ұстаған ер адам екі қауіпсіздік қызметкеріне шабуыл жасады, деп хабарлады полиция.",World,Business
"Deco keeps Barca flying high as Ronaldo rescues Real Brazilians bagged the plaudits in Spain #39;s La Liga on Saturday as Deco, Brazil-born but a naturalised Portuguese international, fired Barcelona five points clear of the pack with the only goal in a derby win over Espanyol.",1,"Деко Барсаны биікте ұстап тұр, ал Роналду Реалды құтқарады. Бразилиялықтар сенбі күні Испанияның Ла Лигасында мақтауларға ие болды, себебі Бразилияда туған, бірақ Португалияның натурализацияланған халықаралық ойыншысы Деко Барселонаны Эспаньолға қарсы дерби жеңісінде жалғыз голмен бес ұпай алға шығарды.",Sports,Sports
"Man Held in England in Cisco Code Theft (AP) AP - A 20-year-old man has been arrested in England in the theft of the proprietary software blueprints used by Cisco Systems Inc.'s networking equipment, police and the company confirmed.",3,"Англияда Cisco кодын ұрлаған адам ұсталды (AP) AP - 20 жастағы ер адам Англияда Cisco Systems Inc. компаниясының желілік жабдықтарында қолданылатын меншікті бағдарламалық жасақтама сызбаларын ұрлағаны үшін қамауға алынды, деп полиция мен компания растады.",Sci/Tech,Sci/Tech
"Storage, servers bruise HP earnings update Earnings per share rise compared with a year ago, but company misses analysts' expectations by a long shot.",3,"Сақтау құрылғылары мен серверлер HP компаниясының табыс жаңартуларына әсер етті. Бір жыл бұрынғы көрсеткіштермен салыстырғанда акцияға шаққандағы табыс өсті, бірақ компания сарапшылардың болжамдарын айтарлықтай ақтай алмады.",Business,Sci/Tech
"Midtier ERP Vendors Can Capitalize On Oracle Antitrust Verdict The door is open for Oracle to win its bid for PeopleSoft, and for midmarket ERP vendors to increase their business. By Elena Malykhina.",3,Орта деңгейлі ERP сатушылары Oracle-дың антимонополиялық шешімінен пайда көре алады Oracle-дың PeopleSoft-ты сатып алу ұсынысын жеңіп алуына және орта нарықтағы ERP сатушыларының өз бизнесін арттыруына мүмкіндік ашылды. Елена Малыхина.,Business,Sci/Tech
"USC #39;s Orgeron shows interest in Ole Miss job While the list has dwindled in the search to replace David Cutcliffe as the Ole Miss football coach, one name has risen to the top.",1,"USC-тің Оргероны Ole Miss жұмыс орнына қызығушылық танытады. Ole Miss футбол жаттықтырушысы Дэвид Катклифтің орнына іздеу тізімі азайғанымен, бір есім алдыңғы қатарға шықты.",Sports,Sports
"Sony, IBM, Toshiba Give Details of 'Cell' Chip (Reuters) Reuters - IBM , Sony Corp. (6758.T) and\Toshiba Corp. (6502.T) on Monday revealed their plans for the\powerful new ""Cell"" processor the three are jointly producing\to run next-generation computers, game consoles and\televisions.",2,"Sony, IBM, Toshiba «Cell» чипі туралы мәліметтерді жариялады (Reuters) Reuters - IBM, Sony Corp. (6758.T) және Toshiba Corp. (6502.T) дүйсенбі күні келесі буын компьютерлер, ойын консольдері және теледидарлар үшін бірлесіп шығаратын қуатты жаңа «Cell» процессорының жоспарларын жариялады.",Sci/Tech,Business
Hundreds trapped in Russia mine Five miners are killed by an explosion which leaves up to 240 trapped in a Siberian coal mine.,0,"Ресейдегі шахтада жүздеген адам қамалып қалды. Бес кенші жарылыс салдарынан қаза тауып, Сібірдегі көмір шахтасында 240-қа жуық адам қамалып қалды.",World,World
"Boston Secures Spot The Red Sox clinch a second straight trip to the playoffs, topping Tampa Bay, 7-3, Monday behind Manny Ramirez's 43rd homer.",1,"Бостон орнын қамтамасыз етті Ред Сокс дүйсенбі күні Мэнни Рамирестің 43-ші хоумранының арқасында Тампа Бэйді 7-3 есебімен жеңіп, қатарынан екінші рет плей-оффқа жолдама алды.",Sports,Sports
"Youkilis, McCarty placed on 15-day disabled list BOSTON -- It was another busy day on the medical front for the Red Sox, as a series of roster moves were announced prior to Tuesday night #39;s game against the Blue Jays. ",1,"Юкилис пен МакКарти 15 күндік жарақат алғандар тізіміне енгізілді БОСТОН -- Бұл Ред Сокс үшін медициналық жағынан тағы бір қарбалас күн болды, себебі сейсенбі күні кешке Блю Джейс командасына қарсы ойын алдында құрамдағы өзгерістер жарияланды.",Sports,Sports
"Soldiers' War Blogs Detail Life in Iraq Iraq war blogs are as varied as the soldiers who write them. Some sites feature practical news, war pictures and advice. Some are overtly political, with more slanting to the right than to the left. Some question the war, some cheer it.",3,"Солдаттардың соғыс блогтары Ирактағы өмірді сипаттайды Ирак соғысы блогтары оларды жазатын солдаттар сияқты әртүрлі. Кейбір сайттарда практикалық жаңалықтар, соғыс суреттері және кеңестер бар. Кейбіреулері ашық саяси сипатта, оң жаққа көбірек бейімделген, сол жаққа қарағанда. Кейбіреулері соғысты сұраққа алады, кейбіреулері оны қолдайды.",World,Sci/Tech
Davis Cup: Australia takes 2-0 lead in World Group playoff :Lleyton Hewitt gave Australia a 2-0 lead in its Davis Cup World Group playoff today with a record-setting 6-0 6-2 6-2 win over Mehdi Tahiri of Morocco on grass at Royal Kings Park.,1,"Дэвис Кубогы: Австралия Әлемдік топ плей-оффында 2-0 есебімен алда келеді: Ллейтон Хьюитт бүгін Австралияға Дэвис Кубогы Әлемдік топ плей-оффында 2-0 есебімен алға шығуға көмектесті, ол Мароккодан келген Мехди Тахириді Royal Kings Park шөп алаңында 6-0 6-2 6-2 есебімен рекордтық жеңіске жетті.",Sports,Sports
